image,Xo,Yo,Zo,omega_deg,phi_deg,kappa_deg
DSC00371,318029.483,4159891.973,190.724,-2.929729,-1.345676,16.791045
