Xo,Yo,Zo,omega_deg,phi_deg,kappa_deg
318034.9733757887,4159882.531985079,198.38109474065996,2.130102727226471,-2.2006723326227857,14.234848004461039
