Xo,Yo,Zo,omega_deg,phi_deg,kappa_deg
318039.71336068807,4159887.0179614043,195.82914916,0.0,0.0,14.188705863055754
